district,city,price,color,km,year,model,fuel_type
Sarıçam,Adana,750000,Siyah,349000,2007,330d,diesel
Gülşehir,Nevşehir,1120000,Beyaz,83500,2012,316i,gasoline
Merkez,Isparta,812000,Beyaz,146000,2011,316i,gasoline
Akşehir,Konya,1185000,Beyaz,153000,2010,320i,gasoline
İskenderun,Hatay,1195000,Füme,130000,2014,320i,gasoline
Üsküdar,İstanbul,685000,Gri,224500,2006,320i,gasoline
Yenimahalle,Ankara,1245000,Beyaz,158000,2015,320i,gasoline
Tire,İzmir,1250000,Beyaz,183000,2014,320i,gasoline
Merkez,Kırıkkale,265000,Kırmızı,291000,1993,318i,gasoline
Tire,İzmir,985000,Beyaz,133000,2015,316i,gasoline
Merkez,Aksaray,1540000,Beyaz,63000,2015,320i,gasoline
Üsküdar,İstanbul,650000,Siyah,300000,2007,320d,diesel
Güngören,İstanbul,1068000,Kahverengi,254000,2012,320d,diesel
Manavgat,Antalya,1495000,Füme,160000,2017,320d,diesel
Salihli,Manisa,1519000,Siyah,123000,2018,320d,diesel
Bakırköy,İstanbul,1970000,Siyah,48702,2018,320d,diesel
Şehzadeler,Manisa,1350000,Füme,175000,2015,320i,gasoline
Osmangazi,Bursa,1580000,Gri,135000,2016,320i,gasoline
Üsküdar,İstanbul,740000,Siyah,143000,2009,316i,gasoline
Bandırma,Balıkesir,639000,Gri,197500,2008,316i,gasoline
Bergama,İzmir,445000,Mavi,242000,1998,328i,gasoline
İskenderun,Hatay,1117500,Beyaz,130000,2014,320i,gasoline
Çankaya,Ankara,650000,Siyah,345000,2008,316i,gasoline
Bandırma,Balıkesir,625000,Gri,197900,2008,316i,gasoline
Kocasinan,Kayseri,640000,Siyah,189000,2008,316i,gasoline
Çankaya,Ankara,850000,Beyaz,212000,2008,320d,diesel
Altındağ,Ankara,550000,Beyaz,347000,2000,320i,gasoline
Konak,İzmir,215000,Siyah,180000,1989,316i,gasoline
Altıeylül,Balıkesir,1045000,Siyah,256000,2012,320d,diesel
Osmangazi,Bursa,340000,Siyah,367000,1991,320i,gasoline
Ataşehir,İstanbul,1450000,Beyaz,247000,2012,320d,diesel
Bafra,Samsun,925000,Siyah,260000,2011,320d,diesel
Sancaktepe,İstanbul,1500000,Kırmızı,130000,2016,320i,gasoline
Çankaya,Ankara,675000,Gri,309000,2006,320d,diesel
Seyhan,Adana,669750,Beyaz,338000,2009,318d,diesel
Haliliye,Şanlıurfa,1100000,Beyaz,200000,2015,320d,diesel
Muratpaşa,Antalya,470000,Gri,290000,2005,316i,gasoline
Üsküdar,İstanbul,1990000,Gri,80250,2019,320i,gasoline
Bodrum,Muğla,1299000,Beyaz,136789,2014,320i,gasoline
Dörtyol,Hatay,875777,Beyaz,179000,2009,320i,gasoline
Esenyurt,İstanbul,3100000,Gri,12000,2022,320i,gasoline
Üsküdar,İstanbul,1115000,Siyah,106000,2014,316i,gasoline
Sultanbeyli,İstanbul,930000,Beyaz,265000,2013,320d,diesel
Acıgöl,Nevşehir,1320000,Mavi,198000,2016,320i,gasoline
Pendik,İstanbul,2960000,Lacivert,6900,2023,320i,gasoline
Merkez,Bolu,289000,Beyaz,400000,1995,318i,gasoline
Ataşehir,İstanbul,1999900,Siyah,94000,2020,320i,gasoline
Menemen,İzmir,455000,Beyaz,299999,1996,318i,gasoline
Karatay,Konya,1425000,Gri,104000,2017,318i,gasoline
Akyurt,Ankara,1959900,Siyah,92000,2021,320i,gasoline
Akyurt,Ankara,1949900,Gri,100300,2021,320i,gasoline
Akyurt,Ankara,1899900,Gri,115000,2021,320i,gasoline
Akyurt,Ankara,2199900,Siyah,77000,2022,320i,gasoline
Ergani,Diyarbakır,1400000,Beyaz,206000,2014,320i,gasoline
Seyhan,Adana,1225000,Beyaz,245000,2014,320d,diesel
Karatay,Konya,950000,Beyaz,216000,2012,320d,diesel
Gaziemir,İzmir,469000,Gri,316000,2005,316i,gasoline
Bağlar,Diyarbakır,1120000,Mavi,210000,2015,318i,gasoline
Merkez,Kırşehir,480000,Gri,354000,2003,320i,gasoline
Nilüfer,Bursa,1480000,Füme,148000,2015,320i,gasoline
Altınordu,Ordu,2650000,Mavi,46500,2021,320i,gasoline
Özalp,Van,1350000,Beyaz,151000,2014,320i,gasoline
Merkez,Rize,1350000,Mavi,184000,2014,316i,gasoline
Pamukkale,Denizli,1265000,Kahverengi,139000,2014,320i,gasoline
Sarıyer,İstanbul,1275000,Siyah,107000,2016,320i,gasoline
Buca,İzmir,420000,Siyah,318000,2002,316i,gasoline
Bağcılar,İstanbul,1050000,Gri,287000,2001,325Ci,gasoline
Pendik,İstanbul,285000,Bordo,450000,1994,318i,gasoline
Bağcılar,İstanbul,1500000,Gri,160000,2012,328i,gasoline
Bağlar,Diyarbakır,840000,Beyaz,282000,2012,320d,diesel
Bağcılar,İstanbul,1100000,Siyah,217000,2015,320i,gasoline
Bağcılar,İstanbul,930000,Gri,198649,2012,320d,diesel
Didim,Aydın,500000,Siyah,295000,2006,316i,gasoline
Erenler,Sakarya,1000000,Beyaz,302000,2012,320d,diesel
Zeytinburnu,İstanbul,430000,Siyah,185000,1999,320d,diesel
Merkez,Elazığ,940000,Siyah,190000,2013,316i,gasoline
Konyaaltı,Antalya,1855000,Gri,37000,2020,320i,gasoline
Sarıyer,İstanbul,1100000,Siyah,187000,2013,320i,gasoline
Selçuklu,Konya,1200000,Beyaz,150000,2014,320i,gasoline
Arsuz,Hatay,900000,Beyaz,224500,2015,320i,gasoline
Üsküdar,İstanbul,999750,Siyah,211000,2012,316i,gasoline
Gaziemir,İzmir,825000,Siyah,211000,2010,320d,diesel
Arifiye,Sakarya,739900,Siyah,233000,2010,320d,diesel
Karatay,Konya,759000,Beyaz,280000,2011,320d,diesel
Karatay,Konya,978000,Siyah,211000,2013,316i,gasoline
Eyüpsultan,İstanbul,1005000,Beyaz,157000,2012,320d,diesel
Pursaklar,Ankara,1750000,Siyah,195000,2017,320d,diesel
Yıldırım,Bursa,1120000,Kahverengi,142000,2013,320i,gasoline
Nilüfer,Bursa,1125000,Beyaz,198000,2014,320i,gasoline
Aziziye,Erzurum,1735000,Beyaz,72000,2016,320i,gasoline
Nazilli,Aydın,965000,Füme,249000,2012,320d,diesel
Nazilli,Aydın,987500,Siyah,220000,2013,316i,gasoline
Yenimahalle,Ankara,1250000,Beyaz,87550,2011,320i,gasoline
Bağcılar,İstanbul,1299900,Gri,169000,2017,318d,diesel
Avcılar,İstanbul,310000,Yeşil,371464,1994,318i,gasoline
Merkez,Kırşehir,2900000,Beyaz,6700,2023,320i,gasoline
Süleymanpaşa,Tekirdağ,1260000,Beyaz,150000,2012,316i,gasoline
Dinar,Afyonkarahisar,675000,Siyah,300000,2006,320d,diesel
Merkezefendi,Denizli,2300000,Mavi,76000,2020,320i,gasoline
Gaziemir,İzmir,968000,Beyaz,147000,2014,316i,gasoline
Kadıköy,İstanbul,1410000,Beyaz,229000,2015,320d,diesel
Seyhan,Adana,675000,Beyaz,311000,2012,320d,diesel
Gaziosmanpaşa,İstanbul,1200000,Mavi,112000,2008,320i,gasoline
Mamak,Ankara,602750,Siyah,355174,2010,320d,diesel
Çankaya,Ankara,1775000,Mavi,254000,1997,320i,gasoline
Karesi,Balıkesir,1500000,Siyah,190000,2016,320d,diesel
Pendik,İstanbul,1299000,Beyaz,140000,2014,320i,gasoline
Bünyan,Kayseri,550000,Beyaz,220000,2007,316i,gasoline
Edremit,Van,655000,Siyah,310000,2011,320d,diesel
Zeytinburnu,İstanbul,270000,Lacivert,340000,1994,320i,gasoline
Kahramankazan,Ankara,485000,Mavi,326000,2019,320i,gasoline
Kahramankazan,Ankara,1300000,Gri,150000,2014,316i,gasoline
Karesi,Balıkesir,875000,Gri,173000,2011,316i,gasoline
Merkez,Isparta,1175000,Beyaz,188000,2012,320i,gasoline
Sancaktepe,İstanbul,1225000,Lacivert,263000,2014,320d,diesel
Yakutiye,Erzurum,1180000,Beyaz,242000,2014,320d,diesel
Karşıyaka,İzmir,1575000,Beyaz,141000,2016,320i,gasoline
Seyhan,Adana,1099000,Kahverengi,191000,2013,320i,gasoline
Buca,İzmir,987000,Siyah,198150,2013,320i,gasoline
Odunpazarı,Eskişehir,810000,Beyaz,189000,2011,316i,gasoline
Çankaya,Ankara,1658750,Beyaz,131130,2018,320d,diesel
Körfez,Kocaeli,625000,Gri,185000,2011,316i,gasoline
Merkez,Kütahya,1135000,Beyaz,258300,2012,320i,gasoline
Sincan,Ankara,599000,Füme,370000,2006,320i,gasoline
Çiğli,İzmir,1100000,Beyaz,300000,2013,320d,diesel
Zeytinburnu,İstanbul,1245000,Siyah,200000,2016,320i,gasoline
Yenimahalle,Ankara,730000,Gri,375000,2010,320d,diesel
Osmangazi,Bursa,1190000,Mavi,156000,2013,316i,gasoline
Pursaklar,Ankara,930000,Siyah,208000,2008,320d,diesel
Sarayköy,Denizli,1225000,Beyaz,220000,2015,320i,gasoline
Sarayköy,Denizli,1625000,Beyaz,218000,2017,318d,diesel
Kocasinan,Kayseri,1375000,Beyaz,150000,2014,320i,gasoline
Karatay,Konya,725000,Siyah,167000,2011,316i,gasoline
Karatay,Konya,1110000,Beyaz,183000,2013,320i,gasoline
Çayırova,Kocaeli,1045000,Siyah,265000,2014,316i,gasoline
Merkez,Adıyaman,1100000,Beyaz,207570,2013,320d,diesel
Seyhan,Adana,685000,Beyaz,238000,2010,320d,diesel
Didim,Aydın,805000,Siyah,201000,2009,316i,gasoline
Gaziemir,İzmir,1199000,Siyah,295000,2013,320d,diesel
İzmit,Kocaeli,1601000,Beyaz,126329,2016,320i,gasoline
Sarayköy,Denizli,1095000,Gri,257000,2012,320d,diesel
Bağcılar,İstanbul,689900,Gri,103000,2001,318i,gasoline
Keçiören,Ankara,675000,Gri,320000,2006,320i,gasoline
Konyaaltı,Antalya,522750,Beyaz,290000,2002,318Ci,gasoline
Konyaaltı,Antalya,1299000,Füme,170000,2014,320i,gasoline
Konyaaltı,Antalya,859950,Gri,278000,2011,320d,diesel
Silivri,İstanbul,1400000,Füme,98000,2014,320i,gasoline
Zeytinburnu,İstanbul,390000,Gri,270000,2004,316ti,gasoline
Karatay,Konya,780000,Beyaz,278500,2011,320d,diesel
Kocasinan,Kayseri,935000,Beyaz,188000,2013,320i,gasoline
Merkez,Afyonkarahisar,540000,Siyah,398000,2006,320d,diesel
Seyhan,Adana,620000,Siyah,193000,2007,316i,gasoline
Kocasinan,Kayseri,1275000,Füme,195000,2015,320i,gasoline
Soma,Manisa,440000,Mavi,310000,2002,316i,gasoline
Kepez,Antalya,1495000,Beyaz,122000,2016,320i,gasoline
Altındağ,Ankara,1250000,Beyaz,137000,2013,320i,gasoline
Mamak,Ankara,1485000,Turuncu,89000,2017,318i,gasoline
Mustafakemalpaşa,Bursa,315000,Bordo,287000,2004,316ti,gasoline
Gölcük,Kocaeli,880000,Siyah,155000,2010,316i,gasoline
Marmaris,Muğla,540000,Gri,249000,2005,316i,gasoline
Bornova,İzmir,300000,Yeşil,317000,1995,320i,gasoline
Kocasinan,Kayseri,1025000,Siyah,185500,2011,320d,diesel
Turgutlu,Manisa,1100000,Füme,249000,2003,320Ci,gasoline
Çankaya,Ankara,925000,Gri,145000,2014,316i,gasoline
Gaziemir,İzmir,1210000,Beyaz,150000,2014,320i,gasoline
Çankaya,Ankara,1400000,Beyaz,129000,2014,320i,gasoline
Kocasinan,Kayseri,667750,Siyah,341000,2012,320d,diesel
Altıeylül,Balıkesir,1495000,Beyaz,210000,2009,320d,diesel
Üsküdar,İstanbul,915000,Beyaz,279000,2012,320d,diesel
Muratpaşa,Antalya,825000,Siyah,288000,2011,320d,diesel
Kadıköy,İstanbul,1150000,Beyaz,208000,2012,320d,diesel
Bağcılar,İstanbul,500000,Mavi,277000,2001,320i,gasoline
Çankaya,Ankara,1655000,Mavi,90300,2016,320i,gasoline
Aksu,Antalya,1280000,Mavi,197000,2014,320i,gasoline
Yıldırım,Bursa,360000,Beyaz,299600,1994,320i,gasoline
Kepez,Antalya,1385900,Beyaz,200000,2011,320d,diesel
Ortahisar,Trabzon,350000,Bordo,310000,1997,316i,gasoline
Talas,Kayseri,1050000,Beyaz,188000,2013,320i,gasoline
Sancaktepe,İstanbul,1140000,Beyaz,119000,2012,316i,gasoline
Çankaya,Ankara,1350000,Beyaz,125000,2014,320i,gasoline
Alanya,Antalya,570000,Gri,380000,2006,316i,gasoline
Merkez,Isparta,2750000,Mavi,8000,2021,320i,gasoline
Aksu,Antalya,1350700,Beyaz,150000,2015,320d,diesel
Yıldırım,Bursa,700000,Lacivert,176000,2005,316i,gasoline
Ataşehir,İstanbul,1230000,Beyaz,110000,2015,320i,gasoline
Altıeylül,Balıkesir,2558000,Siyah,9558,2021,320i,gasoline
Sancaktepe,İstanbul,2125000,Beyaz,65075,2020,320i,gasoline
İzmit,Kocaeli,1414000,Siyah,109826,2016,320i,gasoline
Karşıyaka,İzmir,1265000,Mavi,136000,2013,320i,gasoline
Bağcılar,İstanbul,1669000,Lacivert,162000,2017,320d,diesel
Seydişehir,Konya,900000,Mavi,213000,1998,320i,gasoline
Mamak,Ankara,486000,Beyaz,332000,1999,318i,gasoline
Kepez,Antalya,790000,Beyaz,325000,2011,320d,diesel
Kepez,Antalya,755000,Füme,297000,2009,320d,diesel
Şehitkamil,Gaziantep,298000,Kırmızı,470885,1993,318i,gasoline
Beşiktaş,İstanbul,1375000,Füme,171470,2007,320i,gasoline
Yenimahalle,Ankara,1488000,Beyaz,83000,2015,320i,gasoline
Bayrampaşa,İstanbul,885000,Siyah,156000,2012,320d,diesel
Sarayköy,Denizli,1340000,Beyaz,105000,2015,320i,gasoline
Merkez,Siirt,1475000,Füme,123000,2017,318d,diesel
Mezitli,Mersin,629000,Siyah,289000,2008,320i,gasoline
Çankaya,Ankara,909750,Füme,315000,2009,320d,diesel
Çankaya,Ankara,1215750,Mavi,178000,2015,316i,gasoline
Antakya,Hatay,1650000,Kırmızı,238000,2015,316i,gasoline
Çivril,Denizli,1420000,Siyah,185000,2013,320d,diesel
Kepez,Antalya,1450000,Kırmızı,122000,2016,320i,gasoline
Çerkezköy,Tekirdağ,1280000,Füme,145000,2016,320i,gasoline
Yenişehir,Diyarbakır,905000,Beyaz,304000,2014,316i,gasoline
Tire,İzmir,598000,Mavi,230000,1999,320i,gasoline
Bahçelievler,İstanbul,869950,Beyaz,198000,2012,316i,gasoline
Üsküdar,İstanbul,1195000,Siyah,226000,2012,320d,diesel
Merzifon,Amasya,369000,Beyaz,400000,1994,316i,gasoline
Dalaman,Muğla,1220000,Mavi,224000,2017,318d,diesel
Dalaman,Muğla,1500000,Beyaz,103700,2015,320i,gasoline
Esenyurt,İstanbul,955000,Beyaz,230164,2012,320d,diesel
Kadıköy,İstanbul,1045000,Gri,231175,1997,320i,gasoline
Seyhan,Adana,1365000,Gri,114000,2016,320i,gasoline
Merzifon,Amasya,1245000,Beyaz,215000,2015,320i,gasoline
Selçuklu,Konya,1550000,Beyaz,200000,2015,320d,diesel
Maltepe,İstanbul,1298000,Mavi,72000,2017,318i,gasoline
Sincan,Ankara,1950000,Beyaz,77000,2016,320i,gasoline
Yenimahalle,Ankara,1915000,Beyaz,29000,2016,320i,gasoline
Dulkadiroğlu,Kahramanmaraş,2150000,Beyaz,85000,2016,320i,gasoline
Arnavutköy,İstanbul,938500,Beyaz,247000,2014,320i,gasoline
Besni,Adıyaman,1659000,Beyaz,162000,2016,320d,diesel
Yakutiye,Erzurum,1035000,Beyaz,192000,2013,316i,gasoline
Yenimahalle,Ankara,1300000,Beyaz,168000,2014,320i,gasoline
Mamak,Ankara,643000,Siyah,371000,2010,320d,diesel
Gaziemir,İzmir,1599000,Beyaz,117500,2018,320d,diesel
Kepez,Antalya,1255000,Beyaz,200000,2016,320i,gasoline
Etimesgut,Ankara,1210000,Beyaz,230000,2014,320d,diesel
Tepebaşı,Eskişehir,790000,Beyaz,121000,2010,316i,gasoline
Üsküdar,İstanbul,1199750,Beyaz,132000,2014,316i,gasoline
Etimesgut,Ankara,3445000,Gri,27000,2023,320i,gasoline
Ümraniye,İstanbul,320000,Beyaz,262000,2002,316ti,gasoline
Pendik,İstanbul,300000,Kırmızı,390000,1994,318is,gasoline
Çukurova,Adana,1070000,Siyah,166000,2016,320i,gasoline
Toroslar,Mersin,1320000,Beyaz,205000,2015,320i,gasoline
Bağlar,Diyarbakır,1225000,Beyaz,270000,2013,320d,diesel
İnegöl,Bursa,1317500,Beyaz,75000,2015,316i,gasoline
Kağıthane,İstanbul,1000000,Beyaz,135200,2013,316i,gasoline
Esenyurt,İstanbul,1150000,Beyaz,122000,2012,316i,gasoline
Şile,İstanbul,355000,Siyah,233000,2002,316ti,gasoline
Zeytinburnu,İstanbul,400000,Beyaz,328000,2001,316i,gasoline
Bozüyük,Bilecik,685000,Siyah,283000,2005,318i,gasoline
Yenimahalle,Ankara,359999,Kırmızı,333333,1993,320i,gasoline
Yenimahalle,Ankara,459000,Gri,335000,1997,320i,gasoline
Defne,Hatay,775000,Gri,289000,2012,320d,diesel
Kayapınar,Diyarbakır,870000,Beyaz,202000,2012,316i,gasoline
Ümraniye,İstanbul,639000,Siyah,325000,1995,320i,gasoline
Yıldırım,Bursa,345000,Gri,314000,1995,320i,gasoline
Mamak,Ankara,1169000,Beyaz,179000,2013,320i,gasoline
Pendik,İstanbul,2889000,Siyah,15000,2023,320i,gasoline
Mamak,Ankara,1365000,Beyaz,125000,2014,320i,gasoline
Mamak,Ankara,1665000,Kırmızı,116000,2016,320i,gasoline
Mamak,Ankara,1428000,Beyaz,98000,2015,320i,gasoline
Mamak,Ankara,1295000,Füme,148000,2014,320i,gasoline
Çayırova,Kocaeli,345000,Beyaz,265000,1992,318i,gasoline
Merkez,Kırşehir,1698000,Siyah,109000,2018,320d,diesel
Mamak,Ankara,1325000,Beyaz,155000,2015,320i,gasoline
Sancaktepe,İstanbul,520000,Gri,240000,2000,318i,gasoline
Kocasinan,Kayseri,1125000,Lacivert,235000,2014,320i,gasoline
Yeşilyurt,Malatya,1100000,Beyaz,174000,2010,320i,gasoline
Atakum,Samsun,905000,Beyaz,248000,2012,320d,diesel
Çankaya,Ankara,3250000,Kırmızı,6173,2023,320i,gasoline
Ataşehir,İstanbul,1100000,Beyaz,75800,2013,316i,gasoline
Ataşehir,İstanbul,2195000,Gri,51286,2021,320i,gasoline
Ataşehir,İstanbul,1375000,Beyaz,134877,2014,320i,gasoline
Terme,Samsun,1080000,Beyaz,175000,2016,320i,gasoline
Osmangazi,Bursa,1280000,Kırmızı,142000,2014,320i,gasoline
Etimesgut,Ankara,1280000,Beyaz,157000,2013,320d,diesel
Keçiören,Ankara,1350000,Siyah,110000,2015,320i,gasoline
Bağcılar,İstanbul,763000,Gri,250000,2008,320i,gasoline
Bağcılar,İstanbul,1790000,Gri,62000,2017,318i,gasoline
Kayapınar,Diyarbakır,710000,Beyaz,230000,2012,316i,gasoline
Ceyhan,Adana,479000,Mavi,340000,2001,320i,gasoline
Etimesgut,Ankara,1695000,Mavi,62000,2018,318i,gasoline
Bağcılar,İstanbul,1175000,Siyah,175000,2014,320i,gasoline
Ümraniye,İstanbul,1099500,Siyah,187000,2014,320i,gasoline
Seyhan,Adana,1075000,Siyah,235000,2013,320d,diesel
Merkezefendi,Denizli,1295000,Beyaz,219000,2013,320d,diesel
Merkezefendi,Denizli,1160000,Siyah,249000,2012,320d,diesel
Merkezefendi,Denizli,1299000,Beyaz,185000,2014,320i,gasoline
Merkezefendi,Denizli,1409000,Beyaz,179000,2016,320i,gasoline
Haliliye,Şanlıurfa,880000,Beyaz,300000,2012,320d,diesel
Haliliye,Şanlıurfa,695000,Siyah,315000,2010,320d,diesel
Karesi,Balıkesir,1099000,Siyah,225000,2014,320i,gasoline
Yenimahalle,Ankara,2250000,Gri,79000,2019,320i,gasoline
Acıpayam,Denizli,1450000,Kırmızı,257000,2013,320d,diesel
Merkezefendi,Denizli,1358000,Beyaz,183000,2017,318d,diesel
Osmangazi,Bursa,1175000,Beyaz,115000,2015,316i,gasoline
Seyhan,Adana,1355750,Siyah,186000,2015,320d,diesel
Yenimahalle,Ankara,1585000,Beyaz,175000,2014,316i,gasoline
Soma,Manisa,705000,Beyaz,310000,2011,320d,diesel
Bornova,İzmir,909900,Beyaz,225100,2011,320d,diesel
Şehitkamil,Gaziantep,598000,Gri,330000,2001,330i,gasoline
Erenler,Sakarya,1350000,Beyaz,128500,2016,320i,gasoline
Etimesgut,Ankara,1269000,Beyaz,223000,2014,320d,diesel
Şehitkamil,Gaziantep,585000,Gri,317000,2001,330i,gasoline
Karatay,Konya,3100000,Gri,6100,2023,320i,gasoline
Gaziemir,İzmir,2229000,Gri,130000,2020,320i,gasoline
Ataşehir,İstanbul,1889000,Gri,64000,2019,320i,gasoline
Konyaaltı,Antalya,1550000,Beyaz,75000,2017,318i,gasoline
Beylikdüzü,İstanbul,1520000,Siyah,105000,2015,320d,diesel
Bağcılar,İstanbul,1095000,Beyaz,159000,2014,320i,gasoline
Seyhan,Adana,1255000,Beyaz,170000,2015,320i,gasoline
Çorlu,Tekirdağ,1280000,Beyaz,220000,2013,320d,diesel
Osmangazi,Bursa,639900,Mavi,278000,2000,325i,gasoline
Derince,Kocaeli,1125000,Beyaz,205000,2012,320d,diesel
Yakutiye,Erzurum,1585000,Siyah,169000,2016,320i,gasoline
İzmit,Kocaeli,2163000,Beyaz,71465,2020,320i,gasoline
İzmit,Kocaeli,2163000,Beyaz,71465,2020,320i,gasoline
Etimesgut,Ankara,575000,Siyah,300500,1998,320i,gasoline
Kocasinan,Kayseri,1195000,Beyaz,225000,2015,320i,gasoline
Gölcük,Kocaeli,390000,Beyaz,351500,1994,320i,gasoline
Kartepe,Kocaeli,265000,Füme,344000,1995,318is,gasoline
Atakum,Samsun,933000,Beyaz,236000,2013,316i,gasoline
Osmangazi,Bursa,1200000,Beyaz,174000,2014,316i,gasoline
Balçova,İzmir,275000,Siyah,375000,1997,316i,gasoline
Tekkeköy,Samsun,2269750,Siyah,42900,2022,320i,gasoline
Gaziosmanpaşa,İstanbul,1085000,Beyaz,187000,2013,320d,diesel
Ünye,Ordu,790000,Siyah,300000,2010,320d,diesel
Kadıköy,İstanbul,1038000,Siyah,173000,2013,320i,gasoline
Buca,İzmir,790000,Beyaz,294000,2006,320d,diesel
Ümraniye,İstanbul,265000,Beyaz,363000,1995,316i,gasoline
Sultanbeyli,İstanbul,1400000,Siyah,73000,2016,320i,gasoline
Merkez,Isparta,590000,Gri,254112,2000,330d,diesel
Sincan,Ankara,660000,Beyaz,352778,1998,320i,gasoline
Şehitkamil,Gaziantep,1620000,Beyaz,37000,2017,318i,gasoline
Şehitkamil,Gaziantep,860000,Beyaz,345000,2012,320d,diesel
Merkez,Nevşehir,835000,Beyaz,280000,2011,320d,diesel
Yenimahalle,Ankara,1065000,Füme,204000,2006,320Cd,diesel
Keçiören,Ankara,575000,Lacivert,277000,1997,320i,gasoline
Bahçelievler,İstanbul,1200000,Beyaz,120000,2015,320i,gasoline
Buca,İzmir,950000,Siyah,270000,2011,320d,diesel
Çankaya,Ankara,855000,Beyaz,240000,2011,320d,diesel
Akyurt,Ankara,1265000,Lacivert,128000,2015,320i,gasoline
Muratpaşa,Antalya,1380000,Beyaz,260000,2009,320d,diesel
Muratpaşa,Antalya,442500,Siyah,380000,1995,318is,gasoline
Muratpaşa,Antalya,1335000,Beyaz,223000,2015,320d,diesel
Muratpaşa,Antalya,1175000,Siyah,130000,2012,316i,gasoline
Merkez,Uşak,625000,Gri,290000,2007,316i,gasoline
Şahinbey,Gaziantep,965000,Gri,257000,2012,320d,diesel
Fethiye,Muğla,1400000,Beyaz,268000,2014,320d,diesel
Gaziemir,İzmir,700000,Gri,310000,2007,320d,diesel
Süleymanpaşa,Tekirdağ,1350000,Siyah,200000,2013,320d,diesel
Çorlu,Tekirdağ,1399500,Kahverengi,145000,2014,320i,gasoline
Salihli,Manisa,1182000,Beyaz,169000,2015,316i,gasoline
Alanya,Antalya,725000,Beyaz,259000,2011,320d,diesel
Avcılar,İstanbul,640000,Beyaz,375000,2009,320d,diesel
Merkez,Nevşehir,499000,Beyaz,268000,2000,320i,gasoline
Yüreğir,Adana,1145000,Beyaz,174000,2014,316i,gasoline
Karatay,Konya,1299000,Lacivert,120000,2015,320i,gasoline
Buca,İzmir,1490000,Mavi,109000,2017,318i,gasoline
Akyurt,Ankara,765000,Gri,217000,2011,316i,gasoline
Kartal,İstanbul,795750,Beyaz,170000,2012,316i,gasoline
Tuzla,İstanbul,1190000,Füme,149500,2013,316i,gasoline
Nazilli,Aydın,845000,Gri,228000,2011,320d,diesel
Yenimahalle,Ankara,1250000,Turuncu,150000,1986,316,gasoline
Bor,Niğde,1400000,Beyaz,218000,2015,320d,diesel
Beylikdüzü,İstanbul,1465000,Lacivert,98917,2016,320i,gasoline
Başakşehir,İstanbul,850000,Siyah,241000,2008,320d,diesel
Gaziemir,İzmir,1479900,Siyah,68737,2016,320i,gasoline
Bornova,İzmir,1037500,Mavi,179000,2014,320i,gasoline
Buca,İzmir,1285000,Siyah,97600,2012,320d,diesel
Kadıköy,İstanbul,795000,Mor,314666,1994,320i,gasoline
Kadıköy,İstanbul,1225000,Beyaz,155947,2014,320xd,diesel
Kadıköy,İstanbul,2099000,Siyah,70005,2021,320i,gasoline
Esenler,İstanbul,175500,Beyaz,265843,1991,316i,gasoline
Tuzla,İstanbul,245000,Yeşil,300000,1993,318i,gasoline
Güngören,İstanbul,860000,Beyaz,263000,2012,320d,diesel
Gaziosmanpaşa,İstanbul,260000,Beyaz,440000,1994,318is,gasoline
Antakya,Hatay,865000,Gri,236000,2012,320d,diesel
Yakutiye,Erzurum,320000,Kırmızı,375000,1994,316i,gasoline
Akdeniz,Mersin,630000,Mavi,303000,2006,316i,gasoline
Fatih,İstanbul,835500,Siyah,124000,2010,316i,gasoline
Kepez,Antalya,1125000,Beyaz,171000,2013,316i,gasoline
İlkadım,Samsun,1425000,Beyaz,184000,2012,320i,gasoline
Kadıköy,İstanbul,1350000,Kırmızı,225000,2012,320d,diesel
Melikgazi,Kayseri,3135000,Gri,3000,2024,320i,gasoline
Yenimahalle,Ankara,750000,Gri,249000,2008,320d,diesel
Kartepe,Kocaeli,270000,Gri,298800,1994,318is,gasoline
Ümraniye,İstanbul,1325000,Beyaz,126000,2015,320i,gasoline
Çankaya,Ankara,630000,Gri,246000,2001,320i,gasoline
Yenimahalle,Ankara,1187250,Siyah,199500,2014,316i,gasoline
Merkez,Kastamonu,477000,Gri,323000,2005,316i,gasoline
Keçiören,Ankara,790000,Beyaz,290000,2009,320i,gasoline
Akdeniz,Mersin,390000,Beyaz,255000,2001,320d,diesel
Altındağ,Ankara,445000,Beyaz,299000,1999,318i,gasoline
Muratpaşa,Antalya,3100000,Gri,9000,2023,320i,gasoline
Şehitkamil,Gaziantep,1470000,Beyaz,132000,2016,320i,gasoline
Tuşba,Van,1050000,Beyaz,247000,2014,320d,diesel
Çayeli,Rize,1500000,Mavi,175000,2013,320i,gasoline
Altındağ,Ankara,900000,Beyaz,413000,2013,320d,diesel
Merkez,Edirne,1275000,Gri,104000,2017,318i,gasoline
Keçiören,Ankara,900000,Gri,115000,2007,320i,gasoline
Akyurt,Ankara,1219000,Füme,180000,2014,316i,gasoline
Nilüfer,Bursa,1275000,Siyah,98500,2016,318i,gasoline
Altındağ,Ankara,599000,Beyaz,265000,2006,316i,gasoline
Gölbaşı,Ankara,389000,Mavi,260000,2001,316i,gasoline
Tuşba,Van,915000,Beyaz,268000,2012,320d,diesel
Beylikdüzü,İstanbul,755000,Beyaz,295000,2011,320d,diesel
Yıldırım,Bursa,1210000,Beyaz,136000,2014,320i,gasoline
Kadıköy,İstanbul,1795000,Mavi,205000,2020,320i,gasoline
Keçiören,Ankara,1480000,Gri,95000,2014,316i,gasoline
Gaziemir,İzmir,2289900,Siyah,87796,2021,320i,gasoline
Şahinbey,Gaziantep,1285000,Beyaz,200000,2015,316i,gasoline
Yüksekova,Hakkari,1200000,Mavi,130000,2015,318i,gasoline
Çekmeköy,İstanbul,1150000,Beyaz,163000,2016,318i,gasoline
Başakşehir,İstanbul,1500000,Beyaz,128000,2017,318i,gasoline
Torbalı,İzmir,2225000,Beyaz,91000,2021,320i,gasoline
Merkez,Osmaniye,1510000,Beyaz,126000,2014,320i,gasoline
Üsküdar,İstanbul,1325000,Beyaz,173000,2015,320i,gasoline
Atakum,Samsun,400000,Gri,287000,1991,318i,gasoline
Arnavutköy,İstanbul,600000,Füme,245000,2005,316i,gasoline
Keçiören,Ankara,1030000,Mavi,188000,2012,316i,gasoline
Keçiören,Ankara,1200000,Kahverengi,185000,2013,320i,gasoline
Tire,İzmir,710000,Gri,213000,2006,316i,gasoline
Merkez,Tokat,1650000,Beyaz,125000,2016,320i,gasoline
Kadıköy,İstanbul,2450000,Mavi,19000,2020,320i,gasoline
Yenimahalle,Ankara,450000,Gri,320000,1998,328i,gasoline
Şişli,İstanbul,2280000,Gri,68000,2019,320i,gasoline
Şişli,İstanbul,1290000,Siyah,240000,2008,320d,diesel
Gebze,Kocaeli,1220000,Lacivert,177000,2012,328i,gasoline
Belen,Hatay,925000,Beyaz,151000,2013,316i,gasoline
Küçükçekmece,İstanbul,1920000,Mavi,93000,2019,320i,gasoline
Gaziemir,İzmir,1299999,Füme,145000,2014,320i,gasoline
Esenyurt,İstanbul,1995000,Siyah,116000,2021,320i,gasoline
Dikili,İzmir,685000,Gri,121500,2001,316i,gasoline
Merkez,Ardahan,490000,Beyaz,357000,1999,328i,gasoline
Bağcılar,İstanbul,1795000,Beyaz,42750,2018,320d,diesel
Bağcılar,İstanbul,1535000,Füme,128000,2016,320d,diesel
Ataşehir,İstanbul,1375000,Siyah,113256,2015,320i,gasoline
Ataşehir,İstanbul,2145000,Beyaz,49707,2019,320i,gasoline
Bakırköy,İstanbul,440000,Siyah,210000,2000,320d,diesel
Akyurt,Ankara,613750,Gri,274000,2006,316i,gasoline
Yakutiye,Erzurum,615000,Gri,152000,2001,316i,gasoline
Beykoz,İstanbul,955750,Beyaz,217000,2012,316i,gasoline
Eğirdir,Isparta,785000,Siyah,306000,2008,320d,diesel
Pamukkale,Denizli,1425000,Kırmızı,209101,2013,320d,diesel
Kağıthane,İstanbul,1279000,Lacivert,100000,2014,316i,gasoline
Yenimahalle,Ankara,1595750,Mavi,117000,2015,320i,gasoline
Nazilli,Aydın,960000,Siyah,210000,2012,316i,gasoline
Serdivan,Sakarya,1500000,Beyaz,165000,2015,320i,gasoline
Sultanbeyli,İstanbul,863000,Siyah,157000,2011,320d,diesel
Kayapınar,Diyarbakır,2170000,Beyaz,90000,2020,320i,gasoline
Altındağ,Ankara,455000,Beyaz,390000,1998,320i,gasoline
Altındağ,Ankara,545000,Kırmızı,350000,1997,320i,gasoline
Altındağ,Ankara,465000,Siyah,308000,1998,320i,gasoline
Altındağ,Ankara,545000,Mavi,248000,1997,320i,gasoline
Altındağ,Ankara,485000,Mavi,280000,1998,320i,gasoline
Altındağ,Ankara,1000000,Mavi,200000,1990,325i,gasoline
Altındağ,Ankara,550000,Beyaz,330000,1998,320i,gasoline
Akyurt,Ankara,1150000,Füme,172000,2013,316i,gasoline
Ataşehir,İstanbul,2095000,Mavi,81000,2020,320i,gasoline
Onikişubat,Kahramanmaraş,1125000,Beyaz,215000,2014,320i,gasoline
Çankaya,Ankara,820000,Beyaz,269000,2009,320d,diesel
Yakutiye,Erzurum,1260000,Gri,155000,2015,320i,gasoline
Yakutiye,Erzurum,1260000,Gri,155000,2015,320i,gasoline
Mamak,Ankara,450000,Füme,250000,1990,325i,gasoline
İzmit,Kocaeli,1420000,Mavi,183000,2016,320i,gasoline
Merkez,Sivas,1440000,Füme,128000,2015,320i,gasoline
Ümraniye,İstanbul,1460000,Füme,113000,2018,318i,gasoline
Kepez,Antalya,585000,Gri,273000,2001,316i,gasoline
Tepebaşı,Eskişehir,1260000,Siyah,212000,2012,320d,diesel
Beykoz,İstanbul,1300000,Gri,163000,2014,320i,gasoline
Muratpaşa,Antalya,690000,Kırmızı,226000,1990,325i,gasoline
Şehitkamil,Gaziantep,835000,Siyah,305000,2012,320d,diesel
Merkez,Sivas,720000,Siyah,310000,2006,316i,gasoline
Merkez,Sivas,960000,Beyaz,271000,2009,320d,diesel
Karşıyaka,İzmir,1350000,Mavi,169000,2015,320i,gasoline
Altındağ,Ankara,1499000,Beyaz,110000,2015,320i,gasoline
Narlıdere,İzmir,1185000,Siyah,187000,2015,316i,gasoline
Eyüpsultan,İstanbul,1295000,Lacivert,188000,2013,320d,diesel
Merkez,Siirt,365000,Siyah,298000,1992,318i,gasoline
Gölbaşı,Ankara,1250000,Beyaz,149000,2014,316i,gasoline
Melikgazi,Kayseri,985000,Beyaz,180000,2015,320d,diesel
Bağcılar,İstanbul,1239900,Siyah,142000,2015,320d,diesel
Merkez,Kırşehir,295000,Siyah,260000,1993,320i,gasoline
Ataşehir,İstanbul,260000,Lacivert,323000,1993,318i,gasoline
Bayraklı,İzmir,375000,Bordo,490000,1996,325td,diesel
Esenler,İstanbul,1360000,Lacivert,119000,2016,320i,gasoline
Honaz,Denizli,518000,Siyah,228000,2007,316i,gasoline
Çankaya,Ankara,720000,Beyaz,199000,2011,316i,gasoline
Yenimahalle,Ankara,1340000,Beyaz,106200,2016,320i,gasoline
Eyyübiye,Şanlıurfa,870000,Beyaz,212000,2012,316i,gasoline
Esenyurt,İstanbul,1520000,Beyaz,90000,2017,318i,gasoline
İzmit,Kocaeli,2448000,Gri,57646,2022,320i,gasoline
Esenyurt,İstanbul,3250000,Siyah,6001,2023,320i,gasoline
Esenyurt,İstanbul,3250000,Gri,6001,2023,320i,gasoline
Gaziemir,İzmir,1205000,Siyah,171700,2014,320i,gasoline
Üsküdar,İstanbul,1835000,Beyaz,139000,2019,320i,gasoline
Bayraklı,İzmir,1259900,Siyah,115800,2012,320d,diesel
Merkez,Kütahya,2330000,Lacivert,41000,2022,320i,gasoline
Merkez,Tokat,1250000,Mavi,165000,2014,316i,gasoline
Gemlik,Bursa,530000,Yeşil,240000,2001,320d,diesel
Yenimahalle,Ankara,1400000,Beyaz,230000,2015,316i,gasoline
Gaziemir,İzmir,3280000,Gri,18021,2023,320i,gasoline
Nilüfer,Bursa,1095000,Beyaz,166000,2014,320i,gasoline
Çekmeköy,İstanbul,800000,Beyaz,233000,2009,320d,diesel
Kocasinan,Kayseri,630000,Siyah,233000,2001,320i,gasoline
Seyhan,Adana,315500,Gri,315000,1996,318i,gasoline
Kadıköy,İstanbul,279000,Beyaz,195000,1994,320i,gasoline
Şehitkamil,Gaziantep,1475000,Mavi,101000,2017,318i,gasoline
Menderes,İzmir,1200000,Beyaz,256000,2013,320i,gasoline
Nusaybin,Mardin,1380000,Beyaz,182000,2015,320d,diesel
Gaziosmanpaşa,İstanbul,2125900,Mavi,60000,2020,320i,gasoline
Bağcılar,İstanbul,1200000,Siyah,150000,2014,316i,gasoline
Kepez,Antalya,780000,Gri,208000,2013,316i,gasoline
Çarşamba,Samsun,650000,Füme,370000,2001,318is,gasoline
Yenimahalle,Ankara,605000,Mavi,289000,2001,318Ci,gasoline
Bozkurt,Kastamonu,495000,Gri,235000,2002,320d,diesel
Bahçelievler,İstanbul,1180000,Beyaz,177000,2016,318i,gasoline
Kadıköy,İstanbul,2268000,Füme,90000,2022,320i,gasoline
Defne,Hatay,710000,Siyah,233000,2012,320d,diesel
Ereğli,Konya,467500,Mavi,340000,2000,320i,gasoline
Şişli,İstanbul,3000000,Beyaz,19500,2021,320i,gasoline
Beyoğlu,İstanbul,1195000,Siyah,142000,2016,320i,gasoline
Mamak,Ankara,800000,Siyah,364000,1994,320i,gasoline
Merkez,Aksaray,1250000,Beyaz,240000,2016,320i,gasoline
Urla,İzmir,1220000,Lacivert,197000,2014,316i,gasoline
Turgutlu,Manisa,1325000,Lacivert,115000,2014,320i,gasoline
Seferihisar,İzmir,840000,Beyaz,302000,2010,320d,diesel
Tekkeköy,Samsun,2249750,Mavi,66000,2022,320i,gasoline
Sincan,Ankara,500000,Lacivert,351000,2002,318i,gasoline
Şişli,İstanbul,1290000,Beyaz,161000,2016,320i,gasoline
Merkez,Sivas,1120000,Beyaz,188000,2014,320i,gasoline
Sultangazi,İstanbul,469000,Gri,278400,2000,320i,gasoline
Ümraniye,İstanbul,975000,Beyaz,152000,2012,320d,diesel
Haliliye,Şanlıurfa,1450000,Gri,135000,2015,320i,gasoline
Çiğli,İzmir,1325000,Beyaz,172000,2016,320i,gasoline
Başakşehir,İstanbul,1020000,Beyaz,248000,2012,320d,diesel
Üsküdar,İstanbul,2390000,Gri,65000,2022,320i,gasoline
Üsküdar,İstanbul,2595000,Gri,74000,2022,320i,gasoline
Gaziemir,İzmir,1600000,Beyaz,59248,2014,320i,gasoline
Buca,İzmir,1090000,Siyah,230500,2012,320d,diesel
Osmangazi,Bursa,1530000,Beyaz,100500,2016,320i,gasoline
Konak,İzmir,397500,Bordo,430000,1999,318i,gasoline
Onikişubat,Kahramanmaraş,900000,Beyaz,262000,2011,320d,diesel
Gaziosmanpaşa,İstanbul,1250000,Siyah,165500,2015,320i,gasoline
Onikişubat,Kahramanmaraş,400000,Gri,240000,2003,318ti,gasoline
Buca,İzmir,1185000,Beyaz,85600,2014,320i,gasoline
Talas,Kayseri,800000,Siyah,301000,2010,320d,diesel
Merkez,Tokat,1259000,Beyaz,169000,2015,320i,gasoline
Bağcılar,İstanbul,280000,Füme,290250,1993,318i,gasoline
İzmit,Kocaeli,290000,Gri,498000,2000,316i,gasoline
Bağlar,Diyarbakır,985000,Beyaz,305000,2013,320d,diesel
Kağıthane,İstanbul,450000,Füme,259000,2003,330d,diesel
Avcılar,İstanbul,910000,Siyah,245000,2012,316i,gasoline
Kartal,İstanbul,1090850,Mavi,202000,2013,316i,gasoline
Kartal,İstanbul,1090850,Mavi,200000,2014,316i,gasoline
Buca,İzmir,610000,Beyaz,390000,2010,320d,diesel
Sultanbeyli,İstanbul,1345000,Siyah,78000,2015,320i,gasoline
Çankaya,Ankara,1100000,Lacivert,155000,2014,316i,gasoline
Çayırova,Kocaeli,910000,Beyaz,275000,2012,320d,diesel
Darıca,Kocaeli,1260000,Siyah,133000,2014,320i,gasoline
Marmaraereğlisi,Tekirdağ,480000,Siyah,278800,2004,316i,gasoline
Süleymanpaşa,Tekirdağ,450000,Gri,368000,1997,320i,gasoline
Mezitli,Mersin,285000,Gri,337000,2003,316ti,gasoline
Yenimahalle,Ankara,565000,Gri,310000,2005,316i,gasoline
Karatay,Konya,745500,Füme,234000,2009,318d,diesel
Karatay,Konya,639000,Siyah,372000,2011,320d,diesel
Karatay,Konya,1169750,Gri,133500,2013,320i,gasoline
Muratpaşa,Antalya,1130000,Beyaz,119000,2012,316i,gasoline
Seyhan,Adana,2285000,Siyah,56000,2021,320i,gasoline
Beyoğlu,İstanbul,940000,Bordo,278000,2010,320d,diesel
İlkadım,Samsun,350000,Yeşil,250000,1995,316i,gasoline
Karatay,Konya,975000,Siyah,278000,2012,320d,diesel
Karatay,Konya,2405000,Beyaz,51000,2021,320i,gasoline
Nizip,Gaziantep,1875000,Beyaz,155000,2018,320d,diesel
Şahinbey,Gaziantep,798000,Füme,268000,2011,320d,diesel
Etimesgut,Ankara,580000,Füme,327000,2003,320d,diesel
Çankaya,Ankara,1310000,Siyah,290000,2016,320d,diesel
Bodrum,Muğla,1450000,Mavi,146000,2015,320i,gasoline
Ümraniye,İstanbul,950000,Mavi,227000,2014,320i,gasoline
Bodrum,Muğla,875000,Beyaz,270000,2011,320d,diesel
Bulancak,Giresun,955000,Siyah,280000,2013,320d,diesel
Sancaktepe,İstanbul,1180000,Beyaz,180000,2015,316i,gasoline
Etimesgut,Ankara,1490000,Beyaz,144000,2015,320i,gasoline
Keçiören,Ankara,260000,Kırmızı,245000,1992,320i,gasoline
Büyükçekmece,İstanbul,270000,Bordo,283000,1992,316i,gasoline
Bağcılar,İstanbul,3450000,Mavi,30000,2023,320i,gasoline
Seyhan,Adana,3375000,Beyaz,6001,2023,320i,gasoline
Üsküdar,İstanbul,1575000,Siyah,98000,2016,320i,gasoline
Çorlu,Tekirdağ,1225000,Sarı,185500,2013,320d,diesel
Merkez,Elazığ,1655000,Gri,152000,2015,320i,gasoline
Yunusemre,Manisa,900000,Beyaz,180000,2010,320d,diesel
Şahinbey,Gaziantep,1775000,Gri,95000,2019,320i,gasoline
Merkez,Afyonkarahisar,1135000,Siyah,188000,2015,320i,gasoline
Kocasinan,Kayseri,249999,Siyah,350000,1995,320i,gasoline
Devrek,Zonguldak,349999,Siyah,260000,1990,316i,gasoline
Bafra,Samsun,1549900,Lacivert,75000,2017,318i,gasoline
Mamak,Ankara,780000,Siyah,228000,2010,316i,gasoline
Merkez,Yalova,875000,Beyaz,186000,2012,320d,diesel
Yüreğir,Adana,1050000,Beyaz,303000,2012,320d,diesel
Gaziemir,İzmir,2350000,Beyaz,103000,2020,320i,gasoline
Erenler,Sakarya,1469000,Füme,220000,2015,320d,diesel
Yüksekova,Hakkari,1150000,Beyaz,165000,2014,320i,gasoline
Yıldırım,Bursa,605750,Siyah,292000,2006,316Ci,gasoline
Osmangazi,Bursa,305500,Bordo,325000,1991,318i,gasoline
Atakum,Samsun,1499000,Beyaz,168000,2016,320i,gasoline
Sancaktepe,İstanbul,375000,Mavi,263000,2000,316i,gasoline
Etimesgut,Ankara,2399000,Mavi,59000,2019,320i,gasoline
Karasu,Sakarya,300000,Gri,465000,1995,320i,gasoline
Gaziemir,İzmir,1995000,Gri,54000,2020,320i,gasoline
Eyyübiye,Şanlıurfa,1930000,Mavi,55000,2020,320i,gasoline
Üsküdar,İstanbul,1280000,Şampanya,175000,2009,320i,gasoline
Atakum,Samsun,260000,Mavi,318000,1992,320i,gasoline
Ereğli,Zonguldak,745000,Gri,179000,2009,316i,gasoline
Soma,Manisa,925000,Beyaz,103000,2012,316i,gasoline
Sultangazi,İstanbul,730000,Siyah,210000,2007,320i,gasoline
Seyhan,Adana,534000,Füme,298000,2007,318i,gasoline
Mamak,Ankara,610000,Siyah,302000,2006,320d,diesel
Etimesgut,Ankara,1199000,Beyaz,173000,2014,320i,gasoline
Konak,İzmir,397500,Bordo,427000,1999,318i,gasoline
Kepez,Antalya,810000,Gri,205500,2007,320d,diesel
Kepez,Antalya,597500,Beyaz,303000,2011,320d,diesel
Maltepe,İstanbul,2226000,Füme,36500,2022,320i,gasoline
Üsküdar,İstanbul,690000,Gri,170000,2008,316i,gasoline
Küçükçekmece,İstanbul,1135000,Beyaz,211000,2014,320d,diesel
Küçükçekmece,İstanbul,935000,Siyah,220000,2012,316i,gasoline
Ümraniye,İstanbul,479500,Mavi,266000,2005,316i,gasoline
İskenderun,Hatay,1445000,Gri,82000,2017,318i,gasoline
Odunpazarı,Eskişehir,775000,Gri,134000,2005,320i,gasoline
Bodrum,Muğla,700000,Gri,190000,2005,316i,gasoline
Şişli,İstanbul,2245000,Beyaz,74000,2020,320i,gasoline
Maltepe,İstanbul,1225000,Beyaz,128000,2015,316i,gasoline
Sincan,Ankara,500000,Yeşil,320000,1997,320i,gasoline
Efeler,Aydın,410000,Siyah,275000,1998,320i,gasoline
Ataşehir,İstanbul,1099750,Şampanya,245000,2013,316i,gasoline
Tuzla,İstanbul,800000,Siyah,302000,2011,320d,diesel
Merkez,Osmaniye,670000,Beyaz,310000,2006,316i,gasoline
Çayırova,Kocaeli,240000,Yeşil,360000,1993,318i,gasoline
Tuzla,İstanbul,1190000,Füme,157000,2013,316i,gasoline
Ataşehir,İstanbul,459900,Mavi,285000,2001,320Ci,gasoline
Yenimahalle,Ankara,1687250,Gri,45100,2018,318i,gasoline
Ataşehir,İstanbul,559900,Siyah,295000,2006,316i,gasoline
Seyhan,Adana,1189000,Lacivert,234000,2012,320d,diesel
İlkadım,Samsun,1408000,Beyaz,163000,2015,320i,gasoline
Sultanbeyli,İstanbul,914000,Beyaz,176720,2012,320d,diesel
Akyurt,Ankara,599900,Beyaz,336000,2004,316Ci,gasoline
Akyurt,Ankara,617500,Beyaz,330000,2010,320d,diesel
Kartal,İstanbul,255000,Yeşil,400000,1993,318i,gasoline
Akyurt,Ankara,750000,Siyah,253000,2007,318i,gasoline
Mamak,Ankara,1200000,Lacivert,280000,2013,320d,diesel
Yakutiye,Erzurum,1300000,Beyaz,121000,2013,320i,gasoline
Kadıköy,İstanbul,1090000,Kahverengi,234000,2015,320d,diesel
Merkez,Aksaray,2595000,Beyaz,58000,2021,320i,gasoline
Merkez,Aksaray,2950000,Mavi,24500,2022,320i,gasoline
Pursaklar,Ankara,2179000,Mavi,75000,2019,320i,gasoline
Ataşehir,İstanbul,1279000,Siyah,130000,2016,320i,gasoline
Merkez,Düzce,1200000,Beyaz,325000,2012,320i,gasoline
Sarıyer,İstanbul,550000,Gri,119000,2003,318ti,gasoline
Başakşehir,İstanbul,1300000,Siyah,118000,2016,320i,gasoline
Kocasinan,Kayseri,390000,Gri,445000,1998,320i,gasoline
Kartepe,Kocaeli,610000,Gri,225000,2007,316i,gasoline
Merkez,Batman,710000,Beyaz,364000,2009,320i,gasoline
Köyceğiz,Muğla,630000,Beyaz,340000,2010,320d,diesel
Milas,Muğla,1375000,Beyaz,108000,2013,320i,gasoline
Kepez,Antalya,675000,Siyah,270000,2006,320i,gasoline
Çankaya,Ankara,398000,Yeşil,178000,2002,316ti,gasoline
Kapaklı,Tekirdağ,450000,Siyah,299999,2005,320d,diesel
Ünye,Ordu,347500,Siyah,310000,1994,318is,gasoline
Bağcılar,İstanbul,1450000,Gri,75000,2016,320i,gasoline
Çekmeköy,İstanbul,1140000,Gri,137000,2016,320i,gasoline
Onikişubat,Kahramanmaraş,820000,Gri,228000,2012,320d,diesel
Konyaaltı,Antalya,1390000,Mavi,143000,2018,318i,gasoline
Şahinbey,Gaziantep,1300000,Beyaz,158000,2015,320i,gasoline
Pendik,İstanbul,1365000,Siyah,129000,2016,320i,gasoline
Seydişehir,Konya,1284850,Siyah,210000,2014,320d,diesel
Seydişehir,Konya,904850,Gri,214000,2009,320i,gasoline
Seydişehir,Konya,1399850,Füme,165000,2015,320i,gasoline
Ataşehir,İstanbul,1350000,Siyah,85000,2015,320i,gasoline
Sultanbeyli,İstanbul,1465000,Gri,98000,2018,318i,gasoline
Ataşehir,İstanbul,2225000,Siyah,55705,2021,320i,gasoline
Ataşehir,İstanbul,2124000,Beyaz,78762,2021,320i,gasoline
Ataşehir,İstanbul,2225000,Mavi,64296,2020,320i,gasoline
Ataşehir,İstanbul,3150000,Beyaz,11039,2023,320i,gasoline
Üsküdar,İstanbul,959750,Beyaz,191000,2012,320d,diesel
Kadıköy,İstanbul,1495000,Siyah,154000,2016,320i,gasoline
Gaziemir,İzmir,1250000,Beyaz,200000,2014,316i,gasoline
Gaziemir,İzmir,1350000,Beyaz,177000,2016,320i,gasoline
Ataşehir,İstanbul,1225000,Beyaz,128000,2015,316i,gasoline
Sincan,Ankara,270000,Mavi,302000,1997,320i,gasoline
Darıca,Kocaeli,350000,Mavi,326000,1994,318i,gasoline
Merkez,Niğde,160000,Mavi,250000,1989,318i,gasoline
Çankaya,Ankara,550000,Füme,390000,2000,325i,gasoline
Yerköy,Yozgat,450000,Mavi,375000,2000,320i,gasoline
Küçükçekmece,İstanbul,169500,Siyah,300000,1985,316,gasoline
Süleymanpaşa,Tekirdağ,550000,Siyah,166200,2005,316i,gasoline
Gaziemir,İzmir,250000,Lacivert,290000,1997,316i,gasoline
Kızıltepe,Mardin,1285000,Beyaz,243000,2014,320d,diesel
Merkez,Kırıkkale,555000,Gri,198000,2005,318i,gasoline
Yenimahalle,Ankara,1000000,Beyaz,178000,2013,320i,gasoline
Merkez,Batman,1080000,Beyaz,205000,2014,320d,diesel
Gölcük,Kocaeli,910000,Füme,125000,2005,320i,gasoline
Osmangazi,Bursa,1785000,Beyaz,97000,2018,318i,gasoline
Akyurt,Ankara,1180000,Beyaz,222000,2013,316i,gasoline
Etimesgut,Ankara,855000,Siyah,170200,2011,320d,diesel
Kadıköy,İstanbul,2115000,Mavi,80591,2020,320i,gasoline
Etimesgut,Ankara,1129500,Siyah,178318,2014,320i,gasoline
Merkez,Erzincan,399000,Gri,372000,2001,316i,gasoline
Tarsus,Mersin,350000,Gri,215000,1988,324d,diesel
Karşıyaka,İzmir,1280000,Lacivert,162000,2016,320i,gasoline
Muratpaşa,Antalya,850000,Siyah,219000,2011,316i,gasoline
Safranbolu,Karabük,1150000,Mavi,210000,2014,316i,gasoline
Menteşe,Muğla,870000,Siyah,152000,2008,320i,gasoline
Keçiören,Ankara,389000,Gri,280000,1999,316i,gasoline
Merkez,Batman,580000,Siyah,168000,2005,320d,diesel
Mudanya,Bursa,1150000,Beyaz,240000,2014,320i,gasoline
Yüreğir,Adana,1420000,Beyaz,330000,2016,320d,diesel
Nusaybin,Mardin,877500,Beyaz,106000,2011,316i,gasoline
Sancaktepe,İstanbul,2295000,Beyaz,55500,2020,320i,gasoline
Ümraniye,İstanbul,1199000,Beyaz,146000,2014,320i,gasoline
Kartal,İstanbul,1375000,Beyaz,144000,2015,320i,gasoline
Beşiktaş,İstanbul,2475000,Siyah,58060,2021,320i,gasoline
Merkez,Çorum,435000,Beyaz,300000,2001,316i,gasoline
Samandağ,Hatay,985000,Beyaz,186000,2012,316i,gasoline
Akdeniz,Mersin,1185750,Füme,164000,2015,316i,gasoline
Yenimahalle,Ankara,2199900,Siyah,43000,2021,320i,gasoline
Kadıköy,İstanbul,1195000,Siyah,121000,2017,318i,gasoline
Şahinbey,Gaziantep,695000,Siyah,279000,2010,320d,diesel
Bağcılar,İstanbul,1495000,Lacivert,105000,2016,320i,gasoline
Ataşehir,İstanbul,750000,Beyaz,280000,2011,320d,diesel
Kandıra,Kocaeli,375000,Lacivert,407000,1995,318i,gasoline
İzmit,Kocaeli,1050000,Siyah,247000,2011,320d,diesel
Odunpazarı,Eskişehir,195000,Beyaz,400000,1992,316i,gasoline
Bakırköy,İstanbul,1250000,Mavi,170000,2015,318i,gasoline
Yıldırım,Bursa,550000,Siyah,332000,2005,320d,diesel
Sancaktepe,İstanbul,1555000,Siyah,152000,2016,320d,diesel
Yenimahalle,Ankara,1300000,Beyaz,137000,2014,316i,gasoline
Keçiören,Ankara,260000,Kırmızı,252000,1992,325td,diesel
Eyüpsultan,İstanbul,320000,Siyah,300000,1997,316i,gasoline
Yenişehir,Mersin,1300000,Siyah,215000,2016,320i,gasoline
Odunpazarı,Eskişehir,750000,Gri,305000,2006,320i,gasoline
Beylikdüzü,İstanbul,2325000,Siyah,88000,2019,320i,gasoline
Sancaktepe,İstanbul,2310000,Siyah,46354,2022,320i,gasoline
Seyhan,Adana,1325000,Beyaz,235000,2009,320d,diesel
Çaycuma,Zonguldak,699000,Siyah,250000,2008,320i,gasoline
Şehitkamil,Gaziantep,580000,Siyah,365000,2007,320d,diesel
Eyüpsultan,İstanbul,1249750,Füme,160000,2016,320i,gasoline
Eyüpsultan,İstanbul,749750,Siyah,180000,2012,316i,gasoline
Gaziemir,İzmir,3350000,Mavi,6050,2023,320i,gasoline
Selçuklu,Konya,559500,Füme,305000,2006,320i,gasoline
Ataşehir,İstanbul,2195000,Siyah,46185,2018,320d,diesel
Ataşehir,İstanbul,1499000,Beyaz,189000,2015,320i,gasoline
Sincan,Ankara,580000,Kırmızı,430000,1999,320i,gasoline
Yenimahalle,Ankara,950000,Mavi,222222,1994,320i,gasoline
Karşıyaka,İzmir,850000,Gri,222000,2011,320d,diesel
Toroslar,Mersin,515000,Gri,270000,1999,320i,gasoline
Yüreğir,Adana,810000,Gri,255000,2012,320d,diesel
Gebze,Kocaeli,220000,Kırmızı,380000,1984,318i,gasoline
Sancaktepe,İstanbul,1210000,Siyah,106000,2013,320i,gasoline
Odunpazarı,Eskişehir,445000,Mavi,288000,2005,318i,gasoline
Manavgat,Antalya,301000,Siyah,348200,1995,320i,gasoline
Beşiktaş,İstanbul,1300000,Şampanya,30000,2018,318i,gasoline
Çankaya,Ankara,865000,Siyah,196000,2012,316i,gasoline
Bergama,İzmir,1230000,Beyaz,253000,2015,320i,gasoline
Merkez,Elazığ,825000,Siyah,166500,2012,316i,gasoline
Mamak,Ankara,520000,Gri,370000,2000,318i,gasoline
Keçiören,Ankara,1300000,Beyaz,184000,2015,320i,gasoline
Karacabey,Bursa,380000,Siyah,320000,1994,318is,gasoline
Odunpazarı,Eskişehir,805000,Beyaz,97500,2011,316i,gasoline
Çukurova,Adana,215000,Siyah,95000,1990,318i,gasoline
Keçiören,Ankara,650000,Kırmızı,268000,2000,320i,gasoline
Nilüfer,Bursa,1690000,Beyaz,66000,2014,320i,gasoline
Güngören,İstanbul,780000,Siyah,252000,2010,320d,diesel
Merkez,Elazığ,580000,Siyah,371000,2006,316i,gasoline
Merkez,Aksaray,350000,Gri,375000,1994,316i,gasoline
Yıldırım,Bursa,660000,Füme,146000,2006,320i,gasoline
Kadıköy,İstanbul,1260000,Siyah,112000,2016,318i,gasoline
Serik,Antalya,480000,Gri,352000,2001,316i,gasoline
Yıldırım,Bursa,450000,Siyah,330000,2001,318i,gasoline
Üsküdar,İstanbul,1950000,Beyaz,65500,2018,320d,diesel
Üsküdar,İstanbul,374000,Beyaz,330500,1995,316i,gasoline
Pendik,İstanbul,455000,Mavi,402000,2001,316i,gasoline
Merkez,Osmaniye,315750,Siyah,380787,1992,320i,gasoline
Çorlu,Tekirdağ,1270000,Füme,105000,2014,320i,gasoline
Manavgat,Antalya,995000,Beyaz,215000,2013,320i,gasoline
Pursaklar,Ankara,579750,Gri,339000,1998,320i,gasoline
Merkez,Bartın,329999,Beyaz,240000,1994,318i,gasoline
Patnos,Ağrı,625000,Beyaz,380000,1993,318is,gasoline
Yatağan,Muğla,1468500,Siyah,170000,2014,320i,gasoline
Esenyurt,İstanbul,848750,Siyah,183000,2009,320i,gasoline
Kadıköy,İstanbul,1370000,Siyah,120000,2016,320i,gasoline
Tavşanlı,Kütahya,1465000,Siyah,88000,2013,320i,gasoline
Ataşehir,İstanbul,1920000,Mavi,103000,2020,320i,gasoline
Ataşehir,İstanbul,1950000,Lacivert,115000,2019,320i,gasoline
Ataşehir,İstanbul,2030000,Beyaz,102000,2017,320d,diesel
Ataşehir,İstanbul,2100000,Siyah,124000,2020,320i,gasoline
Ataşehir,İstanbul,2170000,Beyaz,78000,2021,320i,gasoline
Ataşehir,İstanbul,2200000,Kahverengi,86000,2020,320i,gasoline
Ataşehir,İstanbul,2620000,Gri,45000,2022,320i,gasoline
Kadıköy,İstanbul,789900,Beyaz,255000,2011,320d,diesel
Ula,Muğla,2598000,Füme,39500,2022,320i,gasoline
Etimesgut,Ankara,735500,Gri,270150,2006,316i,gasoline
Altındağ,Ankara,1900000,Mavi,158000,2021,320i,gasoline
Sancaktepe,İstanbul,450000,Siyah,279000,2001,320i,gasoline
Büyükçekmece,İstanbul,1399999,Beyaz,133000,2016,320i,gasoline
Kızıltepe,Mardin,1770000,Mavi,81000,2017,318d,diesel
Selçuklu,Konya,795000,Beyaz,284000,2012,320d,diesel
Kağıthane,İstanbul,2175000,Gri,15000,2019,320i,gasoline
Merkez,Elazığ,1495000,Beyaz,78000,2016,320i,gasoline
Şahinbey,Gaziantep,275000,Bordo,358000,1991,318i,gasoline
İzmit,Kocaeli,860000,Siyah,210000,2007,325i,gasoline
Keçiören,Ankara,1450000,Kırmızı,152000,2015,320i,gasoline
Esenyurt,İstanbul,450000,Lacivert,300000,1999,318i,gasoline
İnegöl,Bursa,1410000,Mavi,152000,2015,320i,gasoline
Urla,İzmir,1550000,Beyaz,184000,2008,320i,gasoline
Muratpaşa,Antalya,2800000,Mavi,52000,2021,320i,gasoline
Merkez,Bolu,565000,Siyah,334000,2005,320d,diesel
Bodrum,Muğla,1125000,Mavi,180000,2011,320d,diesel
Keçiören,Ankara,1670000,Kırmızı,85000,2014,316i,gasoline
Sarayköy,Denizli,1274000,Siyah,141000,2014,320i,gasoline
Gaziemir,İzmir,1585000,Gri,84000,2018,318i,gasoline
Akyurt,Ankara,875000,Beyaz,244000,2012,320d,diesel
Bahçelievler,İstanbul,3038500,Gri,25000,2023,320i,gasoline
Merkez,Uşak,312800,Yeşil,167020,1994,318i,gasoline
Merkez,Uşak,810000,Beyaz,165000,2011,316i,gasoline
Muratpaşa,Antalya,1297750,Siyah,199000,2012,328i,gasoline
Buca,İzmir,975000,Beyaz,285000,2010,320d,diesel
Gaziemir,İzmir,1460000,Beyaz,124000,2015,320i,gasoline
Nilüfer,Bursa,1685000,Gri,256000,2007,335i,gasoline
Bağcılar,İstanbul,1525500,Siyah,131000,2016,320i,gasoline
Konak,İzmir,1950000,Beyaz,108950,2013,328i,gasoline
Bağcılar,İstanbul,1200000,Siyah,205000,2014,320d,diesel
Kadıköy,İstanbul,2150000,Mavi,51258,2020,320i,gasoline
Pamukkale,Denizli,1485000,Mavi,106000,2017,318i,gasoline
Pamukkale,Denizli,1050000,Siyah,196230,2012,320d,diesel
Narlıdere,İzmir,1430000,Gri,152000,2015,320i,gasoline
Atakum,Samsun,1380000,Gri,154000,2016,320i,gasoline
Kadirli,Osmaniye,510000,Kırmızı,212800,2001,316i,gasoline
Serik,Antalya,1520000,Mavi,137000,2015,320i,gasoline
Keçiören,Ankara,632000,Lacivert,281000,2006,316i,gasoline
İpekyolu,Van,900000,Siyah,98000,2010,316i,gasoline
Yakutiye,Erzurum,1310000,Beyaz,121000,2013,320i,gasoline
Ümraniye,İstanbul,895000,Siyah,290000,2011,320d,diesel
Merkez,Bolu,2399750,Beyaz,49000,2021,320i,gasoline
Alanya,Antalya,1150000,Beyaz,191844,2012,320d,diesel
Merkez,Uşak,750000,Füme,266000,2008,320d,diesel
Sultanbeyli,İstanbul,1375000,Beyaz,320000,2013,320d,diesel
Ereğli,Zonguldak,525000,Gri,291000,2003,318i,gasoline
Mamak,Ankara,320000,Yeşil,400000,1996,320i,gasoline
Bahçelievler,İstanbul,2480000,Mavi,64000,2021,320i,gasoline
Ayaş,Ankara,690000,Mavi,298000,2000,320Ci,gasoline
Menemen,İzmir,565000,Gri,267000,2003,320d,diesel
Akyurt,Ankara,1199000,Beyaz,178000,2014,320i,gasoline
Çorlu,Tekirdağ,840000,Siyah,190000,2011,320d,diesel
Merkez,Elazığ,2130000,Kırmızı,83000,2021,320i,gasoline
Esenyurt,İstanbul,2999999,Gri,13900,2022,320i,gasoline
Selçuklu,Konya,950000,Beyaz,411000,2011,320d,diesel
Sancaktepe,İstanbul,930000,Gri,232000,2008,320i,gasoline
Kepez,Antalya,1400000,Beyaz,169000,2015,320i,gasoline
Merkez,Nevşehir,950000,Siyah,138500,2011,316i,gasoline
Ataşehir,İstanbul,1475000,Beyaz,117350,2016,320i,gasoline
Mezitli,Mersin,1175000,Beyaz,232000,2014,320d,diesel
Pendik,İstanbul,1800000,Beyaz,25000,2015,320i,gasoline
Muratpaşa,Antalya,985000,Siyah,229110,2007,320Ci,gasoline
Adapazarı,Sakarya,200000,Beyaz,340000,1985,318i,gasoline
Çankaya,Ankara,1480000,Kırmızı,114000,2012,328i,gasoline
Selçuklu,Konya,760000,Gri,368000,2001,320d,diesel
Seydikemer,Muğla,490000,Mavi,366000,1999,320i,gasoline
Atakum,Samsun,800000,Füme,223000,2011,316i,gasoline
Eyüpsultan,İstanbul,1270000,Siyah,107000,2015,318i,gasoline
Sincan,Ankara,615000,Gri,280000,2005,320i,gasoline
Osmangazi,Bursa,520000,Mavi,261000,2002,316i,gasoline
Karatay,Konya,980000,Siyah,245000,2012,316i,gasoline
Merkez,Afyonkarahisar,320000,Yeşil,241000,1997,318ti,gasoline
Etimesgut,Ankara,890000,Gri,307000,2011,320d,diesel
Kepez,Antalya,290000,Kırmızı,280000,1993,318i,gasoline
Merkez,Afyonkarahisar,225000,Siyah,297000,1994,316i,gasoline
Ataşehir,İstanbul,2920000,Beyaz,31650,2022,320i,gasoline
Yenişehir,Mersin,903000,Siyah,288000,2011,320d,diesel
Mamak,Ankara,205000,Mavi,175000,1980,315,gasoline
Manavgat,Antalya,949000,Siyah,265000,2012,320d,diesel
Çiğli,İzmir,315000,Siyah,360000,1992,320i,gasoline
Söke,Aydın,1600000,Beyaz,67000,2015,320i,gasoline
Çukurova,Adana,1500000,Beyaz,153000,2016,320i,gasoline
Kayapınar,Diyarbakır,1070000,Siyah,315000,2014,320d,diesel
Kocasinan,Kayseri,695000,Siyah,351000,2006,320d,diesel
Merkez,Kastamonu,680000,Gri,300000,2005,320i,gasoline
Bağcılar,İstanbul,1500000,Beyaz,172000,2016,320i,gasoline
Şehitkamil,Gaziantep,535000,Lacivert,198000,1999,320i,gasoline
Sincan,Ankara,395000,Siyah,340000,1994,320i,gasoline
Çukurova,Adana,1450000,Beyaz,164000,2018,320d,diesel
Küçükçekmece,İstanbul,960000,Beyaz,78000,2012,316i,gasoline
Ortahisar,Trabzon,750000,Mavi,125000,2008,320i,gasoline
Pamukkale,Denizli,265000,Kırmızı,379000,1992,318i,gasoline
Çubuk,Ankara,285000,Siyah,299800,1993,320i,gasoline
Bayraklı,İzmir,950000,Siyah,276000,2012,316i,gasoline
Tuzla,İstanbul,260000,Lacivert,320000,1997,316i,gasoline
Domaniç,Kütahya,1325000,Beyaz,112000,2012,316i,gasoline
Silivri,İstanbul,425000,Yeşil,325000,1998,318i,gasoline
Şişli,İstanbul,1275000,Beyaz,100000,2015,320i,gasoline
Tuzla,İstanbul,1240000,Siyah,162000,2015,320i,gasoline
Maltepe,İstanbul,1209990,Lacivert,142000,2017,318i,gasoline
Beylikdüzü,İstanbul,950000,Siyah,210000,2012,316i,gasoline
Üsküdar,İstanbul,1250000,Lacivert,160000,2014,320i,gasoline
Akyurt,Ankara,1175000,Beyaz,150000,2012,316i,gasoline
Nilüfer,Bursa,1450000,Mavi,126685,2015,320i,gasoline
İzmit,Kocaeli,929000,Siyah,181400,2013,316i,gasoline
Bafra,Samsun,1210000,Beyaz,175000,2012,316i,gasoline
Serik,Antalya,1495000,Beyaz,150000,2016,320i,gasoline
Ataşehir,İstanbul,1968900,Siyah,130000,2020,320i,gasoline
Ataşehir,İstanbul,1299000,Beyaz,199000,2015,320i,gasoline
Gaziemir,İzmir,2595000,Siyah,29429,2022,320i,gasoline
Serik,Antalya,1555000,Beyaz,178000,2016,320i,gasoline
Çiğli,İzmir,830000,Mavi,114000,2009,316i,gasoline
Beylikdüzü,İstanbul,235000,Siyah,390000,1993,316i,gasoline
Şehitkamil,Gaziantep,1290000,Beyaz,190000,2016,320i,gasoline
Körfez,Kocaeli,1399990,Beyaz,117000,2015,320i,gasoline
Nazilli,Aydın,1065000,Beyaz,196000,2014,320xd,diesel
Gebze,Kocaeli,1100000,Siyah,185000,2013,320i,gasoline
Akyazı,Sakarya,475000,Siyah,310000,1998,320i,gasoline
Zeytinburnu,İstanbul,1540000,Beyaz,74000,2017,318i,gasoline
Şehitkamil,Gaziantep,396000,Siyah,295000,2000,316i,gasoline
Melikgazi,Kayseri,745000,Gri,350000,2006,320i,gasoline
Başiskele,Kocaeli,1299000,Siyah,158000,2015,320i,gasoline
Keçiören,Ankara,330000,Siyah,270000,1994,318is,gasoline
Fethiye,Muğla,845000,Siyah,246000,2013,316i,gasoline
Manavgat,Antalya,995000,Beyaz,215000,2013,320i,gasoline
Fethiye,Muğla,1200000,Gri,199999,2014,320i,gasoline
Gaziemir,İzmir,1775000,Beyaz,270000,2018,320d,diesel
Akyurt,Ankara,2210000,Mavi,64000,2020,320i,gasoline
Akyurt,Ankara,2320000,Beyaz,65000,2021,320i,gasoline
Alaplı,Zonguldak,710000,Gri,149000,2006,318i,gasoline
Konak,İzmir,980000,Beyaz,236000,2015,320i,gasoline
Bağcılar,İstanbul,1295000,Siyah,170000,2017,318d,diesel
Yenişehir,Mersin,675000,Siyah,270000,2003,320d,diesel
Şehitkamil,Gaziantep,1475000,Füme,61000,2018,318i,gasoline
Zeytinburnu,İstanbul,390000,Kırmızı,312000,2003,316ti,gasoline
Şahinbey,Gaziantep,1400000,Füme,118000,2013,320i,gasoline
Çankaya,Ankara,575000,Gri,261500,2001,320i,gasoline
Sarıyer,İstanbul,1695000,Beyaz,135000,2012,320d,diesel
Merkez,Karabük,839750,Beyaz,266000,2011,320d,diesel
Şehitkamil,Gaziantep,870000,Beyaz,264000,2012,316i,gasoline
Selçuklu,Konya,500000,Mavi,362000,2002,318d,diesel
Sultanbeyli,İstanbul,1140000,Siyah,194000,2013,320d,diesel
Çerkezköy,Tekirdağ,275750,Yeşil,286000,1994,316i,gasoline
Derik,Mardin,999500,Beyaz,237000,2013,320i,gasoline
İpekyolu,Van,255000,Yeşil,365000,1996,320i,gasoline
Üsküdar,İstanbul,1360000,Beyaz,67000,2018,318i,gasoline
Onikişubat,Kahramanmaraş,1650000,Mavi,94000,2016,320i,gasoline
Şehitkamil,Gaziantep,1975000,Beyaz,175600,2014,320d,diesel
Odunpazarı,Eskişehir,680000,Füme,250000,2008,316i,gasoline
Tuşba,Van,1245000,Mavi,201000,2015,316i,gasoline
Merkez,Sivas,775000,Siyah,260000,2008,320d,diesel
Küçükçekmece,İstanbul,1300000,Siyah,117000,2016,320i,gasoline
Karşıyaka,İzmir,1875000,Beyaz,55000,2018,318i,gasoline
Seyhan,Adana,1149000,Siyah,224730,2013,316i,gasoline
Yenişehir,Mersin,1500000,Beyaz,121000,2015,320i,gasoline
Aziziye,Erzurum,285000,Yeşil,430000,1997,316i,gasoline
Osmangazi,Bursa,575000,Lacivert,169000,1995,318is,gasoline
Beykoz,İstanbul,2599000,Beyaz,21880,2021,320i,gasoline
Çankaya,Ankara,985000,Lacivert,76000,2006,320i,gasoline
Esenyurt,İstanbul,290000,Mavi,370000,1995,318i,gasoline
Fatsa,Ordu,525000,Gri,241000,2005,316i,gasoline
Beylikdüzü,İstanbul,800000,Siyah,295000,2008,320d,diesel
Serdivan,Sakarya,459650,Mavi,346000,2000,316i,gasoline
Seyhan,Adana,750000,Beyaz,264000,2011,320d,diesel
Şehitkamil,Gaziantep,1850000,Siyah,140000,2018,320d,diesel
Merkez,Aksaray,915000,Siyah,185000,2011,316i,gasoline
Ataşehir,İstanbul,1299000,Mavi,176000,2012,320d,diesel
Altındağ,Ankara,205000,Siyah,100000,1990,316i,gasoline
Şabanözü,Çankırı,450000,Siyah,400000,2005,316i,gasoline
Darıca,Kocaeli,560000,Siyah,165000,2005,316i,gasoline
Avcılar,İstanbul,300000,Siyah,293000,1994,316i,gasoline
Kayapınar,Diyarbakır,355000,Yeşil,300000,1998,316i,gasoline
Ula,Muğla,1575000,Beyaz,135000,2017,320d,diesel
Dikili,İzmir,580000,Bordo,223643,1997,316i,gasoline
Avcılar,İstanbul,325000,Siyah,357000,1995,318i,gasoline
Osmangazi,Bursa,398000,Siyah,350000,1995,320i,gasoline
Merkez,Kilis,1070000,Gri,113000,2017,318i,gasoline
Adapazarı,Sakarya,1410000,Beyaz,164000,2015,320i,gasoline
Etimesgut,Ankara,1130000,Beyaz,165000,2013,316i,gasoline
Pendik,İstanbul,450000,Lacivert,299999,1999,318is,gasoline
Kağıthane,İstanbul,1085000,Beyaz,270000,2011,320d,diesel
Korkuteli,Antalya,1050000,Beyaz,219000,2009,320i,gasoline
Pazaryeri,Bilecik,280000,Beyaz,272000,1992,318i,gasoline
Küçükçekmece,İstanbul,1625000,Siyah,99000,2015,320i,gasoline
Altındağ,Ankara,360000,Kırmızı,186000,2003,316ti,gasoline
Çerkezköy,Tekirdağ,1000000,Siyah,270000,2012,320d,diesel
Haliliye,Şanlıurfa,1000000,Siyah,241000,2014,320d,diesel
İskenderun,Hatay,930000,Beyaz,226500,2013,320i,gasoline
Merkez,Kars,2585000,Siyah,13000,2021,320i,gasoline
Mudanya,Bursa,1450000,Füme,126000,2016,320i,gasoline
Konyaaltı,Antalya,775000,Siyah,205000,2007,320d,diesel
Sancaktepe,İstanbul,295000,Siyah,290000,1996,318i,gasoline
Merkez,Uşak,550000,Gri,275555,2005,318i,gasoline
Konyaaltı,Antalya,1130000,Siyah,230000,2012,316i,gasoline
Merkez,Elazığ,1212000,Beyaz,123000,2014,320i,gasoline
Tarsus,Mersin,330000,Yeşil,425000,1997,316i,gasoline
Karesi,Balıkesir,1180000,Beyaz,125000,2012,316i,gasoline
Çukurova,Adana,825000,Beyaz,263000,2011,320d,diesel
Etimesgut,Ankara,200000,Lacivert,372000,1993,318i,gasoline
Fethiye,Muğla,1275000,Mavi,196000,2015,316i,gasoline
Gönen,Balıkesir,1245000,Siyah,130000,2017,318i,gasoline
Merkezefendi,Denizli,1050750,Siyah,286000,2012,320d,diesel
Etimesgut,Ankara,975000,Siyah,203000,2009,320i,gasoline
